,AP,BLESS,Battig,ESSLI_2c,ESSLI_2b,ESSLI_1a,MEN,WS353,WS353R,WS353S,SimLex999,RW,RG65,MTurk,Google,MSR,SemEval2012_2
0,0.6467661691542288,0.8200000000000001,0.4112024469508698,0.6444444444444445,0.8250000000000001,0.75,0.7374646969805517,0.5433255613304138,0.47748692393850484,0.6619952390173315,0.37050035710869067,0.36698186025023044,0.7695249788612132,0.6331819978847202,0.7173557101923864,0.61425,0.1639634887836932
